{
  "original_file": "models\\checkpoint_100.pth",
  "n_games": 100,
  "record": 2,
  "scores": [
    0,
    0,
    0,
    0,
    0,
    0,
    0,
    0,
    0,
    0,
    0,
    1,
    0,
    0,
    0,
    0,
    0,
    0,
    0,
    0,
    1,
    0,
    0,
    0,
    0,
    0,
    1,
    0,
    1,
    1,
    0,
    0,
    0,
    0,
    0,
    0,
    0,
    0,
    0,
    0,
    0,
    1,
    0,
    2,
    0,
    0,
    0,
    0,
    0,
    0,
    0,
    0,
    1,
    0,
    0,
    0,
    1,
    0,
    0,
    0,
    0,
    0,
    0,
    0,
    0,
    0,
    0,
    0,
    0,
    0,
    0,
    0,
    0,
    0,
    0,
    0,
    1,
    0,
    0,
    0,
    0,
    0,
    0,
    0,
    0,
    0,
    0,
    0,
    0,
    0,
    1,
    0,
    0,
    0,
    0,
    0,
    0,
    0,
    0,
    0
  ],
  "mean_scores": [
    0.0,
    0.0,
    0.0,
    0.0,
    0.0,
    0.0,
    0.0,
    0.0,
    0.0,
    0.0,
    0.0,
    0.08333333333333333,
    0.07692307692307693,
    0.07142857142857142,
    0.06666666666666667,
    0.0625,
    0.058823529411764705,
    0.05555555555555555,
    0.05263157894736842,
    0.05,
    0.09523809523809523,
    0.09090909090909091,
    0.08695652173913043,
    0.08333333333333333,
    0.08,
    0.07692307692307693,
    0.1111111111111111,
    0.10714285714285714,
    0.13793103448275862,
    0.16666666666666666,
    0.16129032258064516,
    0.15625,
    0.15151515151515152,
    0.14705882352941177,
    0.14285714285714285,
    0.1388888888888889,
    0.13513513513513514,
    0.13157894736842105,
    0.1282051282051282,
    0.125,
    0.12195121951219512,
    0.14285714285714285,
    0.13953488372093023,
    0.18181818181818182,
    0.17777777777777778,
    0.17391304347826086,
    0.1702127659574468,
    0.16666666666666666,
    0.16326530612244897,
    0.16,
    0.1568627450980392,
    0.15384615384615385,
    0.16981132075471697,
    0.16666666666666666,
    0.16363636363636364,
    0.16071428571428573,
    0.17543859649122806,
    0.1724137931034483,
    0.1694915254237288,
    0.16666666666666666,
    0.16393442622950818,
    0.16129032258064516,
    0.15873015873015872,
    0.15625,
    0.15384615384615385,
    0.15151515151515152,
    0.14925373134328357,
    0.14705882352941177,
    0.14492753623188406,
    0.14285714285714285,
    0.14084507042253522,
    0.1388888888888889,
    0.136986301369863,
    0.13513513513513514,
    0.13333333333333333,
    0.13157894736842105,
    0.14285714285714285,
    0.14102564102564102,
    0.13924050632911392,
    0.1375,
    0.13580246913580246,
    0.13414634146341464,
    0.13253012048192772,
    0.13095238095238096,
    0.12941176470588237,
    0.12790697674418605,
    0.12643678160919541,
    0.125,
    0.12359550561797752,
    0.12222222222222222,
    0.13186813186813187,
    0.13043478260869565,
    0.12903225806451613,
    0.1276595744680851,
    0.12631578947368421,
    0.125,
    0.12371134020618557,
    0.12244897959183673,
    0.12121212121212122,
    0.12
  ],
  "total_score": 12,
  "epsilon": 0.906685280943313,
  "migration_date": "2025-10-29T12:06:30.396194",
  "old_state_size": 11,
  "new_state_size": 28,
  "old_hidden_size": 256,
  "new_hidden_size": 512
}