{
  "original_file": "models\\checkpoint_200.pth",
  "n_games": 200,
  "record": 2,
  "scores": [
    0,
    0,
    0,
    0,
    0,
    0,
    0,
    0,
    0,
    0,
    0,
    1,
    0,
    0,
    0,
    0,
    0,
    0,
    0,
    0,
    1,
    0,
    0,
    0,
    0,
    0,
    1,
    0,
    1,
    1,
    0,
    0,
    0,
    0,
    0,
    0,
    0,
    0,
    0,
    0,
    0,
    1,
    0,
    2,
    0,
    0,
    0,
    0,
    0,
    0,
    0,
    0,
    1,
    0,
    0,
    0,
    1,
    0,
    0,
    0,
    0,
    0,
    0,
    0,
    0,
    0,
    0,
    0,
    0,
    0,
    0,
    0,
    0,
    0,
    0,
    0,
    1,
    0,
    0,
    0,
    0,
    0,
    0,
    0,
    0,
    0,
    0,
    0,
    0,
    0,
    1,
    0,
    0,
    0,
    0,
    0,
    0,
    0,
    0,
    0,
    0,
    0,
    1,
    1,
    0,
    0,
    1,
    0,
    0,
    0,
    0,
    0,
    0,
    0,
    0,
    0,
    0,
    0,
    0,
    0,
    0,
    0,
    0,
    0,
    0,
    0,
    0,
    0,
    0,
    1,
    0,
    0,
    0,
    0,
    0,
    1,
    0,
    0,
    0,
    0,
    0,
    0,
    0,
    0,
    0,
    0,
    0,
    0,
    1,
    0,
    0,
    0,
    0,
    1,
    0,
    0,
    0,
    0,
    0,
    0,
    0,
    1,
    0,
    0,
    1,
    0,
    0,
    0,
    0,
    0,
    0,
    2,
    0,
    0,
    0,
    1,
    0,
    0,
    0,
    0,
    1,
    1,
    1,
    0,
    0,
    0,
    0,
    0,
    0,
    1,
    0,
    0,
    0,
    0,
    1,
    0,
    0,
    1,
    1,
    0
  ],
  "mean_scores": [
    0.0,
    0.0,
    0.0,
    0.0,
    0.0,
    0.0,
    0.0,
    0.0,
    0.0,
    0.0,
    0.0,
    0.08333333333333333,
    0.07692307692307693,
    0.07142857142857142,
    0.06666666666666667,
    0.0625,
    0.058823529411764705,
    0.05555555555555555,
    0.05263157894736842,
    0.05,
    0.09523809523809523,
    0.09090909090909091,
    0.08695652173913043,
    0.08333333333333333,
    0.08,
    0.07692307692307693,
    0.1111111111111111,
    0.10714285714285714,
    0.13793103448275862,
    0.16666666666666666,
    0.16129032258064516,
    0.15625,
    0.15151515151515152,
    0.14705882352941177,
    0.14285714285714285,
    0.1388888888888889,
    0.13513513513513514,
    0.13157894736842105,
    0.1282051282051282,
    0.125,
    0.12195121951219512,
    0.14285714285714285,
    0.13953488372093023,
    0.18181818181818182,
    0.17777777777777778,
    0.17391304347826086,
    0.1702127659574468,
    0.16666666666666666,
    0.16326530612244897,
    0.16,
    0.1568627450980392,
    0.15384615384615385,
    0.16981132075471697,
    0.16666666666666666,
    0.16363636363636364,
    0.16071428571428573,
    0.17543859649122806,
    0.1724137931034483,
    0.1694915254237288,
    0.16666666666666666,
    0.16393442622950818,
    0.16129032258064516,
    0.15873015873015872,
    0.15625,
    0.15384615384615385,
    0.15151515151515152,
    0.14925373134328357,
    0.14705882352941177,
    0.14492753623188406,
    0.14285714285714285,
    0.14084507042253522,
    0.1388888888888889,
    0.136986301369863,
    0.13513513513513514,
    0.13333333333333333,
    0.13157894736842105,
    0.14285714285714285,
    0.14102564102564102,
    0.13924050632911392,
    0.1375,
    0.13580246913580246,
    0.13414634146341464,
    0.13253012048192772,
    0.13095238095238096,
    0.12941176470588237,
    0.12790697674418605,
    0.12643678160919541,
    0.125,
    0.12359550561797752,
    0.12222222222222222,
    0.13186813186813187,
    0.13043478260869565,
    0.12903225806451613,
    0.1276595744680851,
    0.12631578947368421,
    0.125,
    0.12371134020618557,
    0.12244897959183673,
    0.12121212121212122,
    0.12,
    0.1188118811881188,
    0.11764705882352941,
    0.1262135922330097,
    0.1346153846153846,
    0.13333333333333333,
    0.1320754716981132,
    0.14018691588785046,
    0.1388888888888889,
    0.13761467889908258,
    0.13636363636363635,
    0.13513513513513514,
    0.13392857142857142,
    0.13274336283185842,
    0.13157894736842105,
    0.13043478260869565,
    0.12931034482758622,
    0.1282051282051282,
    0.1271186440677966,
    0.12605042016806722,
    0.125,
    0.12396694214876033,
    0.12295081967213115,
    0.12195121951219512,
    0.12096774193548387,
    0.12,
    0.11904761904761904,
    0.11811023622047244,
    0.1171875,
    0.11627906976744186,
    0.12307692307692308,
    0.12213740458015267,
    0.12121212121212122,
    0.12030075187969924,
    0.11940298507462686,
    0.11851851851851852,
    0.125,
    0.12408759124087591,
    0.12318840579710146,
    0.1223021582733813,
    0.12142857142857143,
    0.12056737588652482,
    0.11971830985915492,
    0.11888111888111888,
    0.11805555555555555,
    0.11724137931034483,
    0.11643835616438356,
    0.11564625850340136,
    0.11486486486486487,
    0.12080536912751678,
    0.12,
    0.11920529801324503,
    0.11842105263157894,
    0.11764705882352941,
    0.12337662337662338,
    0.12258064516129032,
    0.12179487179487179,
    0.12101910828025478,
    0.12025316455696203,
    0.11949685534591195,
    0.11875,
    0.11801242236024845,
    0.12345679012345678,
    0.12269938650306748,
    0.12195121951219512,
    0.12727272727272726,
    0.12650602409638553,
    0.12574850299401197,
    0.125,
    0.1242603550295858,
    0.12352941176470589,
    0.12280701754385964,
    0.13372093023255813,
    0.1329479768786127,
    0.13218390804597702,
    0.13142857142857142,
    0.13636363636363635,
    0.13559322033898305,
    0.1348314606741573,
    0.1340782122905028,
    0.13333333333333333,
    0.13812154696132597,
    0.14285714285714285,
    0.14754098360655737,
    0.14673913043478262,
    0.14594594594594595,
    0.14516129032258066,
    0.1443850267379679,
    0.14361702127659576,
    0.14285714285714285,
    0.14736842105263157,
    0.14659685863874344,
    0.14583333333333334,
    0.14507772020725387,
    0.14432989690721648,
    0.14871794871794872,
    0.14795918367346939,
    0.14720812182741116,
    0.15151515151515152,
    0.15577889447236182,
    0.155
  ],
  "total_score": 31,
  "epsilon": 0.8213543943995963,
  "migration_date": "2025-10-29T12:06:30.586968",
  "old_state_size": 11,
  "new_state_size": 28,
  "old_hidden_size": 256,
  "new_hidden_size": 512
}